medcodeid,originalreadcode,cleansedreadcode,snomedctconceptid,snomedctdescriptionid,release,emiscodecategoryid,term,readcode,medcode,eth16,eth5
1063981000000117,9i00,9i00.00,494131000000105,1063981000000117,,22,white british - ethnic category 2001 census,9i00.00,98111.0,1. British,0. White
196641000006110,134B,134B.00,413773004,2537215011,,22,race: caucasian,134B.00,,1. British,0. White
459726019,9S10,9S10.00,315236000,459726019,,22,white british,9S10.00,12446.0,1. British,0. White
1780408016,9S14,9S14.00,401214002,1780408016,,22,other white british ethnic group,9S14.00,26310.0,1. British,0. White
1564391000006113,EMISNQBR12,EMISNQBR12,1564391000006109,1564391000006113,,19,british,EMISNQBR12,,1. British,0. White
6846371000006111,^ESCTCA684637,^ESCTCA684637,413773004,2533842018,,22,caucasian,^ESCTCA684637,,1. British,0. White
141451000000116,9i24,9i24.00,92561000000109,141451000000116,,22,northern irish - ethnic category 2001 census,9i24.00,42294.0,1. British,0. White
2486161000000112,9t10,9t10.00,977351000000100,2486161000000112,,22,white - northern ireland ethnic category 2011 census,9t10.00,,1. British,0. White
141431000000111,9i21,9i21.00,92541000000108,141431000000111,,22,scottish - ethnic category 2001 census,9i21.00,12436.0,1. British,0. White
158341000000117,9i0,9i0..00,92391000000108,158341000000117,,22,british or mixed british - ethnic category 2001 census,9i0..00,12351.0,1. British,0. White
142691000000116,9i25,9i25.00,93921000000101,142691000000116,,22,ulster scots - ethnic category 2001 census,9i25.00,40102.0,1. British,0. White
2487281000000112,9t20,9t20.00,977911000000103,2487281000000112,,22,white: scottish - scotland ethnic category 2011 census,9t20.00,,1. British,0. White
141461000000118,9i23,9i23.00,92571000000102,141461000000118,,22,cornish - ethnic category 2001 census,9i23.00,28887.0,1. British,0. White
1968051000006116,9t00,9t00.00,976631000000101,2484631000000115,,22,white:eng/welsh/scot/ni/brit - england and wales 2011 census,9t00.00,,1. British,0. White
1780407014,9S13,9S13.00,401213008,1780407014,,22,white scottish,9S13.00,26467.0,1. British,0. White
141441000000119,9i22,9i22.00,92551000000106,141441000000119,,22,welsh - ethnic category 2001 census,9i22.00,12681.0,1. British,0. White
157281000000117,9i20,9i20.00,110761000000106,157281000000117,,22,english - ethnic category 2001 census,9i20.00,12352.0,1. British,0. White
2487321000000116,9t21,9t21.00,977931000000106,2487321000000116,,22,white: other british - scotland ethnic category 2011 census,9t21.00,,1. British,0. White
285925010,9S1,9S1..00,185984009,285925010,,22,white,9S1..00,22467.0,2. Irish,0. White
1968251000006113,9t11,9t11.00,977371000000109,2486201000000116,,22,irish traveller - northern ireland ethnic cat 2011 census,9t11.00,,2. Irish,0. White
1968071000006114,9t02,9t02.00,976671000000104,2484711000000117,,22,white: gypsy/irish traveller - eng+wales eth cat 2011 census,9t02.00,,2. Irish,0. White
2484671000000118,9t01,9t01.00,976651000000108,2484671000000118,,22,white: irish - england and wales ethnic category 2011 census,9t01.00,,2. Irish,0. White
1968441000006112,9t23,9t23.00,977971000000108,2487401000000115,,22,white: gypsy/irish traveller - scotland ethnic cat 2011 cens,9t23.00,,2. Irish,0. White
285978014,9SA9,9SA9.00,186014006,285978014,,22,irish (nmo),9SA9.00,24270.0,2. Irish,0. White
1564961000006118,EMISNQIR3,EMISNQIR3,1564961000006102,1564961000006118,,19,irish,EMISNQIR3,,2. Irish,0. White
1064041000000111,9i10,9i10.00,494161000000100,1064041000000111,,22,white irish - ethnic category 2001 census,9i10.00,98213.0,2. Irish,0. White
138171000000114,9i2C,9i2C.00,88911000000101,138171000000114,,22,irish traveller - ethnic category 2001 census,9i2C.00,55223.0,2. Irish,0. White
141301000000110,9i1,9i1..00,92401000000106,141301000000110,,22,irish - ethnic category 2001 census,9i1..00,12532.0,2. Irish,0. White
2487361000000112,9t22,9t22.00,977951000000104,2487361000000112,,22,white: irish - scotland ethnic category 2011 census,9t22.00,,2. Irish,0. White
459727011,9S11,9S11.00,315237009,459727011,,22,white irish,9S11.00,24837.0,2. Irish,0. White
713341000000111,13y6,13y6.00,368051000000100,713341000000111,,17,british israelite,13y6.00,,3. Other White,0. White
459728018,9S12,9S12.00,185984009,285926011,,22,other white ethnic group,9S12.00,12444.0,3. Other White,0. White
1968081000006112,9t03,9t03.00,976691000000100,2484751000000118,,22,white: other white backgrd- eng+wales ethnic cat 2011 census,9t03.00,,3. Other White,0. White
405071018,9SAB,9SAB.00,270467002,405071018,,22,turkish/turkish cypriot (nmo),9SAB.00,32066.0,3. Other White,0. White
141661000000115,9i26,9i26.00,92791000000109,141661000000115,,22,cypriot (part not stated) - ethnic category 2001 census,9i26.00,32778.0,3. Other White,0. White
937371000006116,9i2P,9i2P.00,94011000000105,142771000000112,,22,other republics former yugoslavia - ethnic categ 2001 census,9i2P.00,28936.0,3. Other White,0. White
142751000000115,9i2L,9i2L.00,93991000000103,142751000000115,,22,bosnian - ethnic category 2001 census,9i2L.00,46956.0,3. Other White,0. White
141311000000112,9i2,9i2..00,92411000000108,141311000000112,,22,other white background - ethnic category 2001 census,9i2..00,12421.0,3. Other White,0. White
138181000000111,9i2D,9i2D.00,88921000000107,138181000000111,,22,traveller - ethnic category 2001 census,9i2D.00,55113.0,3. Other White,0. White
937391000006115,9i2R,9i2R.00,94041000000106,142801000000110,,22,oth white european/european unsp/mixed european 2001 census,9i2R.00,12402.0,3. Other White,0. White
937311000006113,9i2H,9i2H.00,88961000000104,138221000000118,,22,commonwealth (russian) indep states - ethn categ 2001 census,9i2H.00,28973.0,3. Other White,0. White
138231000000116,9i2K,9i2K.00,88971000000106,138231000000116,,22,albanian - ethnic category 2001 census,9i2K.00,25422.0,3. Other White,0. White
2487481000000113,9t24,9t24.00,978011000000101,2487481000000113,,22,white: polish - scotland ethnic category 2011 census,9t24.00,,3. Other White,0. White
405070017,9SAA,9SAA.00,270466006,405070017,,22,greek/greek cypriot (nmo),9SAA.00,45947.0,3. Other White,0. White
411595012,9SAA-2,9SAA.12,275600005,411595012,,22,greek cypriot (nmo),9SAA.12,47949.0,3. Other White,0. White
138201000000110,9i2F,9i2F.00,88941000000100,138201000000110,,22,polish - ethnic category 2001 census,9i2F.00,12467.0,3. Other White,0. White
156921000000110,9i29,9i29.00,110401000000103,156921000000110,,22,turkish - ethnic category 2001 census,9i29.00,12746.0,3. Other White,0. White
411596013,9SAB-1,9SAB.11,275601009,411596013,,22,turkish (nmo),9SAB.11,32126.0,3. Other White,0. White
157991000000110,9i2N,9i2N.00,88981000000108,157991000000110,,22,serbian - ethnic category 2001 census,9i2N.00,47074.0,3. Other White,0. White
411597016,9SAB-2,9SAB.12,275602002,411597016,,22,turkish cypriot (nmo),9SAB.12,32069.0,3. Other White,0. White
1968461000006111,9t25,9t25.00,978031000000109,2487521000000113,,22,white: other white ethnic grp- scotland ethnic cat 2011 cens,9t25.00,,3. Other White,0. White
142721000000113,9i2A,9i2A.00,93951000000106,142721000000113,,22,turkish cypriot - ethnic category 2001 census,9i2A.00,32413.0,3. Other White,0. White
937301000006110,9i2G,9i2G.00,88951000000102,138211000000112,,22,baltic estonian/latvian/lithuanian - ethn categ 2001 census,9i2G.00,12433.0,3. Other White,0. White
142711000000119,9i28,9i28.00,93941000000108,142711000000119,,22,greek cypriot - ethnic category 2001 census,9i28.00,12769.0,3. Other White,0. White
142761000000117,9i2M,9i2M.00,94001000000108,142761000000117,,22,croatian - ethnic category 2001 census,9i2M.00,28866.0,3. Other White,0. White
937411000006115,9i2T,9i2T.00,94051000000109,158491000000118,,22,other white or white unspecified ethnic category 2001 census,9i2T.00,12591.0,3. Other White,0. White
142741000000118,9i2J,9i2J.00,93981000000100,142741000000118,,22,kosovan - ethnic category 2001 census,9i2J.00,26341.0,3. Other White,0. White
142791000000111,9i2S,9i2S.00,94031000000102,142791000000111,,22,other mixed white - ethnic category 2001 census,9i2S.00,28900.0,3. Other White,0. White
142781000000114,9i2Q,9i2Q.00,94021000000104,142781000000114,,22,mixed irish and other white - ethnic category 2001 census,9i2Q.00,26391.0,3. Other White,0. White
138191000000113,9i2E,9i2E.00,88931000000109,138191000000113,,22,gypsy/romany - ethnic category 2001 census,9i2E.00,42290.0,3. Other White,0. White
411594011,9SAA-1,9SAA.11,275599007,411594011,,22,greek (nmo),9SAA.11,45955.0,3. Other White,0. White
285987017,9SAC,9SAC.00,186017004,285987017,,22,other european (nmo),9SAC.00,12633.0,3. Other White,0. White
2645811000000115,9TC,9TC,718958002,2678971000000113,,22,roma ethnic group,9TC,,3. Other White,0. White
142701000000116,9i27,9i27.00,93931000000104,142701000000116,,22,greek - ethnic category 2001 census,9i27.00,12355.0,3. Other White,0. White
459786016,9SI,9SI..00,315283003,459786016,,22,irish traveller,9SI..00,47601.0,3. Other White,0. White
158481000000115,9i2B,9i2B.00,93961000000109,158481000000115,,22,italian - ethnic category 2001 census,9i2B.00,12412.0,3. Other White,0. White
1968261000006110,9t12,9t12.00,977391000000108,2486241000000118,,22,mixed: white and black caribbean - ni ethnic cat 2011 census,9t12.00,,4. White and Black Caribbean,4. Mixed
141321000000118,9i3,9i3..00,92421000000102,141321000000118,,22,white and black caribbean - ethnic category 2001 census,9i3..00,12742.0,4. White and Black Caribbean,4. Mixed
460153018,9SB5,9SB5.00,315634007,460153018,,22,black caribbean and white,9SB5.00,32425.0,4. White and Black Caribbean,4. Mixed
1968091000006110,9t04,9t04.00,976711000000103,2484791000000114,,22,mixed: white+black caribbean - eng+wales eth cat 2011 census,9t04.00,,4. White and Black Caribbean,4. Mixed
1968271000006115,9t13,9t13.00,977411000000108,2486281000000114,,22,mixed: white and black african - ni ethnic cat 2011 census,9t13.00,,5. White and Black African,4. Mixed
460154012,9SB6,9SB6.00,315635008,460154012,,22,black african and white,9SB6.00,32443.0,5. White and Black African,4. Mixed
1968101000006116,9t05,9t05.00,976731000000106,2484831000000119,,22,mixed: white+black african - eng+wales eth cat 2011 census,9t05.00,,5. White and Black African,4. Mixed
141331000000116,9i4,9i4..00,92431000000100,141331000000116,,22,white and black african - ethnic category 2001 census,9i4..00,12437.0,5. White and Black African,4. Mixed
196611000006111,134L,134L.00,413466005,2533841013,,22,race: afro-caucasian,134L.00,,5. White and Black African,4. Mixed
1968111000006118,9t06,9t06.00,976751000000104,2484871000000117,,22,mixed: white+asian - eng+wales ethnic category 2011 census,9t06.00,,6. White and Asian,4. Mixed
1968281000006117,9t14,9t14.00,977431000000100,2486321000000118,,22,mixed: white and asian - ni ethnic category 2011 census,9t14.00,,6. White and Asian,4. Mixed
285991010,9SB2,9SB2.00,186021006,285991010,,22,"other ethnic, asian/white orig",9SB2.00,32401.0,6. White and Asian,4. Mixed
141341000000113,9i5,9i5..00,92441000000109,141341000000113,,22,white and asian - ethnic category 2001 census,9i5..00,12638.0,6. White and Asian,4. Mixed
937511000006119,9i65,9i65.00,92621000000100,141501000000118,,22,other mixed or mixed unspecified ethnic category 2001 census,9i65.00,32408.0,7. Other Mixed,4. Mixed
285989019,9SB,9SB..00,186019001,285989019,,22,"other ethnic, mixed origin",9SB..00,12696.0,7. Other Mixed,4. Mixed
158361000000116,9i64,9i64.00,92611000000106,158361000000116,,22,asian and chinese - ethnic category 2001 census,9i64.00,47005.0,7. Other Mixed,4. Mixed
4740401000006118,^ESCTOT474040,^ESCTOT474040,186023009,2668813019,,22,"other ethnic, other mixed origin",^ESCTOT474040,,7. Other Mixed,4. Mixed
4740341000006112,^ESCTOT474034,^ESCTOT474034,186020007,2763938013,,22,"other ethnic, black/white origin",^ESCTOT474034,,7. Other Mixed,4. Mixed
1968291000006119,9t15,9t15.00,977551000000106,2486561000000119,,22,mixed: other mixed/multiple ethnic backgrd - ni 2011 census,9t15.00,,7. Other Mixed,4. Mixed
4740361000006111,^ESCTOT474036,^ESCTOT474036,186021006,2764123018,,22,"other ethnic, asian/white origin",^ESCTOT474036,,7. Other Mixed,4. Mixed
459729014,ESCTMI5,ESCTMI5,315239007,459729014,,22,mixed ethnic census group,ESCTMI5,,7. Other Mixed,4. Mixed
141481000000110,9i61,9i61.00,92591000000103,141481000000110,,22,black and chinese - ethnic category 2001 census,9i61.00,49940.0,7. Other Mixed,4. Mixed
4740381000006118,^ESCTOT474038,^ESCTOT474038,186022004,2668812012,,22,"other ethnic, mixed white origin",^ESCTOT474038,,7. Other Mixed,4. Mixed
141471000000113,9i60,9i60.00,92581000000100,141471000000113,,22,black and asian - ethnic category 2001 census,9i60.00,12795.0,7. Other Mixed,4. Mixed
285990011,9SB1,9SB1.00,186020007,285990011,,22,"other ethnic, black/white orig",9SB1.00,47401.0,7. Other Mixed,4. Mixed
285992015,9SB3,9SB3.00,186022004,285992015,,22,"other ethnic, mixed white orig",9SB3.00,35459.0,7. Other Mixed,4. Mixed
285952017,9S51,9S51.00,185999009,285952017,,22,other black - black/white orig,9S51.00,25623.0,7. Other Mixed,4. Mixed
157291000000115,9i62,9i62.00,110771000000104,157291000000115,,22,black and white - ethnic category 2001 census,9i62.00,40110.0,7. Other Mixed,4. Mixed
285993013,9SB4,9SB4.00,186023009,285993013,,22,"other ethnic, other mixed orig",9SB4.00,32420.0,7. Other Mixed,4. Mixed
1968471000006116,9t26,9t26.00,978051000000102,2487561000000117,,22,mixed/multiple ethnic grps: any- scot ethnic cat 2011 census,9t26.00,,7. Other Mixed,4. Mixed
141491000000112,9i63,9i63.00,92601000000109,141491000000112,,22,chinese and white - ethnic category 2001 census,9i63.00,12706.0,7. Other Mixed,4. Mixed
285953010,9S52,9S52.00,186000006,285953010,,22,other black - black/asian orig,9S52.00,32165.0,7. Other Mixed,4. Mixed
141351000000111,9i6,9i6..00,92451000000107,141351000000111,,22,other mixed background - ethnic category 2001 census,9i6..00,12873.0,7. Other Mixed,4. Mixed
285954016,9S6,9S6..00,414481008,2533844017,,22,indian,9S6..00,12482.0,8. Indian,1. South Asian
1968301000006118,9t16,9t16.00,977591000000103,2486641000000116,,22,asian or asian british: indian - ni ethnic cat 2011 census,9t16.00,,8. Indian,1. South Asian
781081000006113,9T1D,9T1D.00,414481008,2533844017,,22,indian,9T1D.00,,8. Indian,1. South Asian
157271000000119,9i7,9i7..00,110751000000108,157271000000119,,22,indian or british indian - ethnic category 2001 census,9i7..00,12414.0,8. Indian,1. South Asian
250228011,1347,1347.00,160519009,250228011,,17,indian origin,1347.00,,8. Indian,1. South Asian
1564921000006112,EMISNQIN16,EMISNQIN16,1564921000006108,1564921000006112,,19,indian,EMISNQIN16,,8. Indian,1. South Asian
1968491000006115,9t28,9t28.00,978111000000100,2487681000000110,,22,"asian: indian, indian scot/indian brit- scotland 2011 census",9t28.00,,8. Indian,1. South Asian
1968131000006112,9t08,9t08.00,976791000000107,2484951000000116,,22,asian/asian brit: indian - eng+wales ethnic cat 2011 census,9t08.00,,8. Indian,1. South Asian
1968481000006118,9t27,9t27.00,978071000000106,2487601000000117,,22,asian: pakistani/pakistani scot/pakistani brit- scot 2011,9t27.00,,9. Pakistani,1. South Asian
1565441000006111,EMISNQPA32,EMISNQPA32,1565441000006107,1565441000006111,,19,pakistani,EMISNQPA32,,9. Pakistani,1. South Asian
1968141000006119,9t09,9t09.00,976811000000108,2484991000000112,,22,asian/asian british:pakistani- eng+wales eth cat 2011 census,9t09.00,,9. Pakistani,1. South Asian
141361000000114,9i8,9i8..00,92461000000105,141361000000114,,22,pakistani or british pakistani - ethnic category 2001 census,9i8..00,12460.0,9. Pakistani,1. South Asian
285955015,9S7,9S7..00,186002003,285955015,,22,pakistani,9S7..00,24690.0,9. Pakistani,1. South Asian
196721000006111,134M,134M.00,186002003,285955015,,22,race: pakistani,134M.00,,9. Pakistani,1. South Asian
1968311000006115,9t17,9t17.00,977711000000100,2486881000000113,,22,asian/asian british: pakistani - ni ethnic cat 2011 census,9t17.00,,9. Pakistani,1. South Asian
1968501000006111,9t29,9t29.00,978171000000105,2487801000000118,,22,"bangladeshi, bangladeshi scot or bangladeshi brit- scot 2011",9t29.00,,10. Bangladeshi,1. South Asian
937541000006115,9i9,9i9..00,92471000000103,141371000000119,,22,bangladeshi or british bangladeshi - ethn categ 2001 census,9i9..00,28888.0,10. Bangladeshi,1. South Asian
1968321000006111,9t18,9t18.00,977731000000108,2486921000000119,,22,asian/asian british: bangladeshi - ni ethnic cat 2011 census,9t18.00,,10. Bangladeshi,1. South Asian
1564291000006119,EMISNQBA5,EMISNQBA5,1564291000006103,1564291000006119,,19,bangladeshi,EMISNQBA5,,10. Bangladeshi,1. South Asian
1968151000006117,9t0A,9t0A.00,976831000000100,2485031000000111,,22,asian/asian brit: bangladeshi- eng+wales eth cat 2011 census,9t0A.00,,10. Bangladeshi,1. South Asian
285956019,9S8,9S8..00,186003008,285956019,,22,bangladeshi,9S8..00,24740.0,10. Bangladeshi,1. South Asian
196631000006117,134I,134I.00,186003008,285956019,,22,race: bangladeshi,134I.00,,10. Bangladeshi,1. South Asian
250243013,134K,134K.00,160531006,250243013,,22,race: west indian,134K.00,,11. Other Asian,1. South Asian
1968171000006110,9t0C,9t0C.00,976871000000103,2485111000000119,,22,asian/asian brit: other asian- eng+wales eth cat 2011 census,9t0C.00,,11. Other Asian,1. South Asian
141531000000112,9iA2,9iA2.00,92651000000105,141531000000112,,22,kashmiri - ethnic category 2001 census,9iA2.00,64133.0,11. Other Asian,1. South Asian
411583012,9SA6-1,9SA6.11,275596000,411583012,,22,east african asian (nmo),9SA6.11,46818.0,11. Other Asian,1. South Asian
1968341000006116,9t1A,9t1A.00,977771000000105,2487001000000110,,22,asian/asian british: other asian - ni ethnic cat 2011 census,9t1A.00,,11. Other Asian,1. South Asian
141551000000117,9iA5,9iA5.00,92671000000101,141551000000117,,22,tamil - ethnic category 2001 census,9iA5.00,12760.0,11. Other Asian,1. South Asian
411584018,9SA6-2,9SA6.12,275597009,411584018,,22,indo-caribbean (nmo),9SA6.12,99316.0,11. Other Asian,1. South Asian
412016016,2263-1,2263.11,276029002,412016016,,27,o/e - asian origin,2263.11,,11. Other Asian,1. South Asian
141541000000115,9iA3,9iA3.00,92661000000108,141541000000115,,22,east african asian - ethnic category 2001 census,9iA3.00,47077.0,11. Other Asian,1. South Asian
141521000000110,9iA1,9iA1.00,92641000000107,141521000000110,,22,punjabi - ethnic category 2001 census,9iA1.00,26392.0,11. Other Asian,1. South Asian
141561000000119,9iA8,9iA8.00,92681000000104,141561000000119,,22,british asian - ethnic category 2001 census,9iA8.00,12653.0,11. Other Asian,1. South Asian
285977016,9SA8,9SA8.00,186013000,285977016,,22,other asian (nmo),9SA8.00,26379.0,11. Other Asian,1. South Asian
141571000000114,9iA7,9iA7.00,92691000000102,141571000000114,,22,caribbean asian - ethnic category 2001 census,9iA7.00,32399.0,11. Other Asian,1. South Asian
405069018,9SA6,9SA6.00,270465005,405069018,,22,e afric asian/indo-carib (nmo),9SA6.00,38097.0,11. Other Asian,1. South Asian
937651000006117,9iAA,9iAA.00,92701000000102,141581000000111,,22,other asian or asian unspecified ethnic category 2001 census,9iAA.00,28935.0,11. Other Asian,1. South Asian
141381000000117,9iA,9iA..00,92481000000101,141381000000117,,22,other asian background - ethnic category 2001 census,9iA..00,12513.0,11. Other Asian,1. South Asian
286018012,9T1B,9T1B.00,186044009,286018012,,22,south east asian,9T1B.00,,11. Other Asian,1. South Asian
459784018,9SH,9SH..00,315281001,459784018,,22,other asian ethnic group,9SH..00,12668.0,11. Other Asian,1. South Asian
250231012,134A,134A.00,160522006,250231012,,17,west indian origin,134A.00,,11. Other Asian,1. South Asian
157301000000116,9iA6,9iA6.00,110781000000102,157301000000116,,22,sinhalese - ethnic category 2001 census,9iA6.00,12887.0,11. Other Asian,1. South Asian
141511000000116,9iA9,9iA9.00,92631000000103,141511000000116,,22,mixed asian - ethnic category 2001 census,9iA9.00,46056.0,11. Other Asian,1. South Asian
250224013,1343,1343.00,160515003,250224013,,17,asian origin,1343.00,,11. Other Asian,1. South Asian
136081000000111,9iA4,9iA4.00,86461000000107,136081000000111,,22,sri lankan - ethnic category 2001 census,9iA4.00,12608.0,11. Other Asian,1. South Asian
1968521000006118,9t2B,9t2B.00,978211000000108,2487891000000113,,22,asian: other asian group - scotland ethnic cat 2011 census,9t2B.00,,11. Other Asian,1. South Asian
285976013,9SA7,9SA7.00,186012005,285976013,,22,indian sub-continent (nmo),9SA7.00,39696.0,11. Other Asian,1. South Asian
286020010,9T1E,9T1E.00,315280000,459783012,,22,other asian,9T1E.00,,11. Other Asian,1. South Asian
1968551000006110,9t2E,9t2E.00,978271000000103,2488011000000113,,22,carib/black: caribbean/carib scot/carib brit- scotland 2011,9t2E.00,,12. Caribbean,2. Black
5516681000006114,^ESCTBL551668,^ESCTBL551668,270460000,2983029017,,22,black caribbean/west india/guyana,^ESCTBL551668,,12. Caribbean,2. Black
154401000000118,9iB,9iB..00,107691000000105,154401000000118,,22,caribbean - ethnic category 2001 census,9iB..00,12432.0,12. Caribbean,2. Black
1968361000006117,9t1C,9t1C.00,977811000000105,2487081000000117,,22,black/afri/carib/black brit: caribbean- ni eth cat 2011 cens,9t1C.00,,12. Caribbean,2. Black
1968191000006111,9t0E,9t0E.00,976911000000101,2485191000000111,,22,black/african/caribbn/black brit: caribbean - eng+wales 2011,9t0E.00,,12. Caribbean,2. Black
514611000006111,9S2,9S2..00,185988007,285930014,,22,black caribbean,9S2..00,12632.0,12. Caribbean,2. Black
1565711000006118,EMISNQSO9,EMISNQSO9,1565711000006102,1565711000006118,,19,south african,EMISNQSO9,,13. African,2. Black
285971015,9SA5,9SA5.00,186010002,285971015,,22,other african countries (nmo),9SA5.00,47969.0,13. African,2. Black
1968181000006113,9t0D,9t0D.00,976891000000104,2485151000000115,,22,black/african/carib/black brit: african- eng+wales 2011 cens,9t0D.00,,13. African,2. Black
1564491000006115,EMISNQCE3,EMISNQCE3,1564491000006104,1564491000006115,,19,central african,EMISNQCE3,,13. African,2. Black
141391000000115,9iC,9iC..00,92491000000104,141391000000115,,22,african - ethnic category 2001 census,9iC..00,12350.0,13. African,2. Black
250223019,1342,1342.00,160514004,250223019,,17,african origin,1342.00,,13. African,2. Black
1968541000006113,9t2D,9t2D.00,978251000000107,2487971000000118,,22,african: any other african - scotland ethnic cat 2011 census,9t2D.00,,13. African,2. Black
1968351000006119,9t1B,9t1B.00,977791000000109,2487041000000113,,22,black/afri/carib/black brit: african- ni eth cat 2011 census,9t1B.00,,13. African,2. Black
4917081000006119,^ESCTCE491708,^ESCTCE491708,223522008,336370018,,37,central african republic,^ESCTCE491708,,13. African,2. Black
285943014,9S44,9S44.00,185993005,285943014,,22,black - other african country,9S44.00,35412.0,13. African,2. Black
1968531000006115,9t2C,9t2C.00,978231000000100,2487931000000115,,22,african: african/african scot/african brit - scotland 2011,9t2C.00,,13. African,2. Black
30683015,9S3,9S3..00,18167009,30683015,,22,black african,9S3..00,12778.0,13. African,2. Black
411576017,9S45-1,9S45.11,275589002,411576017,,22,black east african asian,9S45.11,57753.0,14. Other Black,2. Black
411573013,9S43-1,9S43.11,275586009,411573013,,22,black north african,9S43.11,46812.0,14. Other Black,2. Black
405064011,9S42,9S42.00,270460000,405064011,,22,black caribbean/w.i./guyana,9S42.00,57435.0,14. Other Black,2. Black
411580010,9SA3-3,9SA3.13,275593008,411580010,,22,guyana (nmo),9SA3.13,93144.0,14. Other Black,2. Black
285951012,9S5,9S5..00,185998001,285951012,,22,"black - other, mixed",9S5..00,25676.0,14. Other Black,2. Black
285932018,9S41,9S41.00,185990008,285932018,,22,black british,9S41.00,12452.0,14. Other Black,2. Black
459730016,ESCTBL5,ESCTBL5,315240009,459730016,,22,black - ethnic group,ESCTBL5,,14. Other Black,2. Black
285930014,9S42-1,9S42.11,185988007,285930014,,22,black caribbean,9S42.11,47950.0,14. Other Black,2. Black
285931013,9S4,9S4..00,185989004,285931013,,22,"black, other, non-mixed origin",9S4..00,24339.0,14. Other Black,2. Black
158351000000119,9iD,9iD..00,92501000000105,158351000000119,,22,other black background - ethnic category 2001 census,9iD..00,32389.0,14. Other Black,2. Black
453109012,9S42-2,9S42.12,309643000,453109012,,22,black west indian,9S42.12,47997.0,14. Other Black,2. Black
459782019,9SG,9SG..00,315279003,459782019,,22,other black ethnic group,9SG..00,32136.0,14. Other Black,2. Black
405065012,9S43,9S43.00,270461001,405065012,,22,black n african/arab/iranian,9S43.00,41329.0,14. Other Black,2. Black
285948017,9S46,9S46.00,185995003,285948017,,22,black indian sub-continent,9S46.00,48005.0,14. Other Black,2. Black
405067016,9SA3,9SA3.00,270463003,405067016,,22,caribbean i./w.i./guyana (nmo),9SA3.00,54593.0,14. Other Black,2. Black
141591000000113,9iD0,9iD0.00,92711000000100,141591000000113,,22,somali - ethnic category 2001 census,9iD0.00,12443.0,14. Other Black,2. Black
411579012,9SA3-2,9SA3.12,275592003,411579012,,22,west indian (nmo),9SA3.12,57075.0,14. Other Black,2. Black
411574019,9S43-2,9S43.12,275587000,411574019,,22,black arab,9S43.12,57752.0,14. Other Black,2. Black
453110019,9S42-3,9S42.13,309644006,453110019,,22,black guyana,9S42.13,32100.0,14. Other Black,2. Black
411575018,9S43-3,9S43.13,275588005,411575018,,22,black iranian,9S43.13,50286.0,14. Other Black,2. Black
285949013,9S47,9S47.00,185996002,285949013,,22,black - other asian,9S47.00,35350.0,14. Other Black,2. Black
514651000006112,9S45,9S45.00,270462008,405066013,,22,black e afric asia/indo-caribb,9S45.00,47965.0,14. Other Black,2. Black
285950013,9S48,9S48.00,185989004,285931013,,22,black black - other,9S48.00,26312.0,14. Other Black,2. Black
1968571000006117,9t2G,9t2G.00,978361000000101,2488221000000112,,22,carib/black: any other black/caribbean grp - scotland 2011,9t2G.00,,14. Other Black,2. Black
411578016,9SA3-1,9SA3.11,275591005,411578016,,22,caribbean island (nmo),9SA3.11,57094.0,14. Other Black,2. Black
158371000000111,9iD3,9iD3.00,92721000000106,158371000000111,,22,mixed black - ethnic category 2001 census,9iD3.00,40096.0,14. Other Black,2. Black
157311000000119,9iD2,9iD2.00,110791000000100,157311000000119,,22,black british - ethnic category 2001 census,9iD2.00,40097.0,14. Other Black,2. Black
411577014,9S45-2,9S45.12,275590006,411577014,,22,black indo-caribbean,9S45.12,57763.0,14. Other Black,2. Black
141601000000119,9iD1,9iD1.00,92731000000108,141601000000119,,22,nigerian - ethnic category 2001 census,9iD1.00,32886.0,14. Other Black,2. Black
937731000006115,9iD4,9iD4.00,92741000000104,141611000000117,,22,other black or black unspecified ethnic category 2001 census,9iD4.00,46047.0,14. Other Black,2. Black
196601000006113,134H,134H.00,413465009,2533840014,,22,race: afro-caribbean,134H.00,,14. Other Black,2. Black
56590016,9S9,9S9..00,33897005,56590016,,22,chinese,9S9..00,24272.0,15. Chinese,3. Other
1968331000006114,9t19,9t19.00,977751000000101,2486961000000110,,22,asian/asian british: chinese - ni ethnic cat 2011 census,9t19.00,,15. Chinese,3. Other
141401000000117,9iE,9iE..00,92511000000107,141401000000117,,22,chinese - ethnic category 2001 census,9iE..00,12468.0,15. Chinese,3. Other
1968511000006114,9t2A,9t2A.00,978191000000109,2487851000000117,,22,asian: chinese - scotland ethnic category 2011 census,9t2A.00,,15. Chinese,3. Other
1968161000006115,9t0B,9t0B.00,976851000000107,2485071000000113,,22,asian/asian brit: chinese - eng+wales ethnic cat 2011 census,9t0B.00,,15. Chinese,3. Other
4740241000006117,^ESCTBR474024,^ESCTBR474024,186006000,2668697019,,22,british ethnic minority specified (nmo),^ESCTBR474024,,16. Other ethnic group,3. Other
411582019,9SA4-2,9SA4.12,275595001,411582019,,22,iranian (nmo),9SA4.12,25082.0,16. Other ethnic group,3. Other
142881000000117,9iF4,9iF4.00,94131000000103,142881000000117,,22,buddhist - ethnic category 2001 census,9iF4.00,63872.0,16. Other ethnic group,3. Other
138261000000114,9iFD,9iFD.00,89011000000107,138261000000114,,22,iranian - ethnic category 2001 census,9iFD.00,25937.0,16. Other ethnic group,3. Other
1968211000006112,9t0G,9t0G.00,976951000000102,2485271000000117,,22,other ethnic group: arab - eng+wales ethnic cat 2011 census,9t0G.00,,16. Other ethnic group,3. Other
142901000000119,9iFK,9iFK.00,94151000000105,142901000000119,,22,any other group - ethnic category 2001 census,9iFK.00,26455.0,16. Other ethnic group,3. Other
141651000000118,9iF3,9iF3.00,92781000000107,141651000000118,,22,malaysian - ethnic category 2001 census,9iF3.00,12730.0,16. Other ethnic group,3. Other
142811000000112,9iFA,9iFA.00,94061000000107,142811000000112,,22,north african - ethnic category 2001 census,9iFA.00,47028.0,16. Other ethnic group,3. Other
1968391000006113,9t1F,9t1F.00,977871000000100,2487201000000119,,22,other ethnic group: any other grp- ni ethnic cat 2011 census,9t1F.00,,16. Other ethnic group,3. Other
4740261000006118,^ESCTBR474026,^ESCTBR474026,186007009,2668698012,,22,british ethnic minority unspecified (nmo),^ESCTBR474026,,16. Other ethnic group,3. Other
141621000000111,9iF0,9iF0.00,92751000000101,141621000000111,,22,vietnamese - ethnic category 2001 census,9iF0.00,12719.0,16. Other ethnic group,3. Other
142851000000111,9iFF,9iFF.00,94101000000109,142851000000111,,22,moroccan - ethnic category 2001 census,9iFF.00,25451.0,16. Other ethnic group,3. Other
141641000000116,9iF2,9iF2.00,92771000000105,141641000000116,,22,filipino - ethnic category 2001 census,9iF2.00,12420.0,16. Other ethnic group,3. Other
142861000000114,9iFG,9iFG.00,94111000000106,142861000000114,,22,latin american - ethnic category 2001 census,9iFG.00,26246.0,16. Other ethnic group,3. Other
1968581000006119,9t2H,9t2H.00,978381000000105,2488261000000116,,22,other ethnic grp: arab/arab scot/arab british- scotland 2011,9t2H.00,,16. Other ethnic group,3. Other
141631000000113,9iF1,9iF1.00,92761000000103,141631000000113,,22,japanese - ethnic category 2001 census,9iF1.00,12473.0,16. Other ethnic group,3. Other
459785017,9SJ,9SJ..00,372148003,1210724015,,22,other ethnic group,9SJ..00,12757.0,16. Other ethnic group,3. Other
285959014,9SA1,9SA1.00,186006000,285959014,,22,brit. ethnic minor. spec.(nmo),9SA1.00,32110.0,16. Other ethnic group,3. Other
157351000000115,9iF5,9iF5.00,110831000000107,157351000000115,,22,hindu - ethnic category 2001 census,9iF5.00,56127.0,16. Other ethnic group,3. Other
411581014,9SA4-1,9SA4.11,275594002,411581014,,22,north african arab (nmo),9SA4.11,47285.0,16. Other ethnic group,3. Other
1968221000006116,9t0H,9t0H.00,976971000000106,2485311000000117,,22,other ethnic: any other grp - eng+wales eth cat 2011 census,9t0H.00,,16. Other ethnic group,3. Other
456650013,9SC,9SC..00,312859007,456650013,,22,vietnamese,9SC..00,25411.0,16. Other ethnic group,3. Other
138251000000111,9iF9,9iF9.00,89001000000105,138251000000111,,22,arab - ethnic category 2001 census,9iF9.00,46059.0,16. Other ethnic group,3. Other
1968381000006110,9t1E,9t1E.00,977851000000109,2487161000000110,,22,other ethnic group: arab - ni ethnic category 2011 census,9t1E.00,,16. Other ethnic group,3. Other
1968591000006116,9t2J,9t2J.00,978401000000105,2488301000000114,,22,other ethnic grp: any other ethnic grp- scotland 2011 census,9t2J.00,,16. Other ethnic group,3. Other
937941000006111,9iFJ,9iFJ.00,94121000000100,142871000000119,,22,mauritian/seychellois/maldivian/st helena eth cat 2001census,9iFJ.00,32382.0,16. Other ethnic group,3. Other
286017019,9T1A,9T1A.00,372148003,1210724015,,22,other pacific ethnic group,9T1A.00,,16. Other ethnic group,3. Other
142831000000116,9iFC,9iFC.00,94081000000103,142831000000116,,22,israeli - ethnic category 2001 census,9iFC.00,46964.0,16. Other ethnic group,3. Other
142841000000113,9iFE,9iFE.00,94091000000101,142841000000113,,22,kurdish - ethnic category 2001 census,9iFE.00,45964.0,16. Other ethnic group,3. Other
405068014,9SA4,9SA4.00,270464009,405068014,,22,n african arab/iranian (nmo),9SA4.00,24962.0,16. Other ethnic group,3. Other
138241000000113,9iF6,9iF6.00,88991000000105,138241000000113,,22,jewish - ethnic category 2001 census,9iF6.00,46063.0,16. Other ethnic group,3. Other
286021014,9T1Y,9T1Y.00,186035008,286006015,,22,other new zealand ethnic group,9T1Y.00,,16. Other ethnic group,3. Other
142891000000115,9iF8,9iF8.00,94141000000107,142891000000115,,22,sikh - ethnic category 2001 census,9iF8.00,49658.0,16. Other ethnic group,3. Other
937871000006114,9iFB,9iFB.00,94071000000100,142821000000118,,22,"mid east (excl israeli, iranian & arab) - eth cat 2001 cens",9iFB.00,28909.0,16. Other ethnic group,3. Other
285958018,9SA,9SA..00,186005001,285958018,,22,other ethnic non-mixed (nmo),9SA..00,30280.0,16. Other ethnic group,3. Other
285988010,9SAD,9SAD.00,186005001,285958018,,22,other ethnic nec (nmo),9SAD.00,41214.0,16. Other ethnic group,3. Other
138281000000117,9iF7,9iF7.00,89031000000104,138281000000117,,22,muslim - ethnic category 2001 census,9iF7.00,47091.0,16. Other ethnic group,3. Other
285960016,9SA2,9SA2.00,186007009,285960016,,22,brit. ethnic minor. unsp (nmo),9SA2.00,57764.0,16. Other ethnic group,3. Other
141411000000115,9iF,9iF..00,92521000000101,141411000000115,,22,other - ethnic category 2001 census,9iF..00,12434.0,16. Other ethnic group,3. Other
138271000000119,9iFH,9iFH.00,89021000000101,138271000000119,,22,south and central american - ethnic category 2001 census,9iFH.00,12756.0,16. Other ethnic group,3. Other
286022019,9T1Z,9T1Z.00,186035008,286006015,,22,new zealand ethnic group nos,9T1Z.00,,16. Other ethnic group,3. Other
649261000006110,9S,9S...00,397731000,1777341010,,22,ethnic groups (census),9S...00,10196.0,17. Not Stated,5. Not Stated
456652017,9SE,9SE..00,312861003,456652017,,22,ethnic group not recorded,9SE..00,24340.0,17. Not Stated,5. Not Stated
456651012,9SD,9SD..00,763726001,3643639011,,22,ethnic group not given - patient refused,9SD..00,12429.0,17. Not Stated,5. Not Stated
286006015,9T1,9T1..00,186035008,286006015,,22,new zealand ethnic groups,9T1..00,,17. Not Stated,5. Not Stated
141421000000114,9iG,9iG..00,92531000000104,141421000000114,,22,ethnic category not stated - 2001 census,9iG..00,12459.0,17. Not Stated,5. Not Stated
141291000000111,9i,9i...00,92381000000106,141291000000111,,22,ethnic category - 2001 census,9i...00,12435.0,17. Not Stated,5. Not Stated
2484471000000115,9t,9t...00,976551000000109,2484471000000115,,22,ethnic category - 2011 census,9t...00,,17. Not Stated,5. Not Stated
6364801000006112,^ESCTET636480,^ESCTET636480,372148003,1785254013,,22,ethnic category,^ESCTET636480,,17. Not Stated,5. Not Stated
6270381000006117,^ESCTET627038,^ESCTET627038,365455004,2670706014,,22,ethnic groups (1991 census) (uk),^ESCTET627038,,17. Not Stated,5. Not Stated
2484591000000115,9t2,9t2..00,976611000000109,2484591000000115,,22,ethnic category - 2011 census scotland,9t2..00,,17. Not Stated,5. Not Stated
253627011,226,226..00,162730000,253627011,,27,o/e - ethnic group,226..00,,17. Not Stated,5. Not Stated
4740421000006111,^ESCTET474042,^ESCTET474042,186034007,286004017,,22,ethnicity / related nationality data,^ESCTET474042,,17. Not Stated,5. Not Stated
6591901000006115,^ESCTET659190,^ESCTET659190,397731000,1785938019,,22,ethnicity,^ESCTET659190,,17. Not Stated,5. Not Stated
2484551000000111,9t1,9t1..00,976591000000101,2484551000000111,,22,ethnic category - 2011 census northern ireland,9t1..00,,17. Not Stated,5. Not Stated
253628018,226-1,226..11,162730000,253628018,,27,o/e - ethnic origin,226..11,,17. Not Stated,5. Not Stated
2484511000000112,9t0,9t0..00,976571000000100,2484511000000112,,22,ethnic category - 2011 census england and wales,9t0..00,,17. Not Stated,5. Not Stated
253635014,226Z,226Z.00,162730000,253627011,,27,o/e - ethnic group nos,226Z.00,,17. Not Stated,5. Not Stated
6270391000006119,^ESCTET627039,^ESCTET627039,365455004,2982933016,,22,ethnic groups (1991 census) (united kingdom),^ESCTET627039,,17. Not Stated,5. Not Stated
286003011,9SZ,9SZ..00,397731000,1777341010,,22,ethnic groups (census) nos,9SZ..00,45199.0,17. Not Stated,5. Not Stated
286005016,9T,9T...00,186034007,286005016,,22,ethnicity and other related nationality data,9T...00,,17. Not Stated,5. Not Stated
6591911000006117,^ESCTET659191,^ESCTET659191,397731000,1785939010,,22,ethnic groups,^ESCTET659191,,17. Not Stated,5. Not Stated
